"Identificador";"Nome completo";"Curso (abrev.)";"Dt. falta";"Tipo falta";"Materia ou módulo";"Sesión";"Xustificada";
"12345678A";"García López, Carlos";"DAM1";"18/09/2026";"Asistencia";"Programación";"2";"Non";
"23456789B";"Martínez Rodríguez, Laura";"DAM1";"18/09/2026";"Asistencia";"Sistemas Informáticos";"1";"Si";
"34567890C";"Sánchez Fernández, David";"DAM1";"19/09/2026";"Asistencia";"Contornos de Desenvolvemento";"3";"Non";
"45678901D";"Pérez Gómez, Marta";"DAM2";"20/09/2026";"Puntualidade";"Acceso a Datos";"1";"Non";
"56789012E";"Álvarez Castro, Javier";"DAM1";"21/09/2026";"Asistencia";"Bases de Datos";"4";"Si";
"67890123F";"Fernández Vázquez, Sara";"DAM1";"22/09/2026";"Asistencia";"Programación";"5";"Non";
"78901234G";"González Ruiz, Adrián";"DAM2";"22/09/2026";"Asistencia";"Desenvolvemento de Interfaces";"6";"Non";
"89012345H";"Díaz Blanco, Lucía";"DAM1";"25/09/2026";"Asistencia";"Itinerario persoal para a empregabilidade I";"2";"Si";
"90123456J";"Romero Alonso, Mateo";"DAM1";"26/09/2026";"Asistencia";"Programación";"3";"Non";
"01234567K";"Torres Iglesias, Elena";"DAM2";"27/09/2026";"Asistencia";"Programación multimedia e dispositivos móbiles";"4";"Non";
